address,lat,lon
"123 Innovator Ave, 98765, San Francisco, United States",37.7749295,-122.4194155
"123 Innovator Rd, 98765, New York, United States",40.7127753,-74.0059728
"789 Power Blvd, 54321, Chicago, United States",41.8781136,-87.6297982
"789 Power Blvd, 54321, Los Angeles, United States",34.0522342,-118.2436849
"567 Laser Ln, 12345, Houston, United States",29.7604267,-95.3698028
"567 Laser Ln, 12345, Chicago, United States",41.8781136,-87.6297982
"789 Alloy Ave, 67890, Los Angeles, United States",34.0522342,-118.2436849
"789 Alloy Ave, 67890, Miami, United States",25.7616798,-80.1917902
"234 Forge St, 34567, New York, United States",40.7127753,-74.0059728
"234 Forge St, 34567, Houston, United States",29.7604267,-95.3698028
"456 Polymer Rd, 23456, Miami, United States",25.7616798,-80.1917902
"456 Polymer Rd, 23456, New York, United States",40.7127753,-74.0059728
"123 Mex Innovator St, 77777, Mexico City, Mexico",19.4326077,-99.133208
"789 Mex Power Blvd, 88888, Guadalajara, Mexico",20.6596988,-103.3496092
"567 Mex Laser Ln, 99999, Monterrey, Mexico",25.6866142,-100.3161126
"789 Canada Alloy Ave, V1A 1A1, Vancouver, Canada",49.2827291,-123.1207375
"234 Canada Forge St, T2A 0R9, Toronto, Canada",43.6531963,-79.3831711
"456 Canada Polymer Rd, H3B 2Y5, Montreal, Canada",45.5016889,-73.567256
"456 Distribution Rd, Seattle, 98101, Seattle, United States",47.6062095,-122.3320708
"98765, San Francisco, United States",37.7749295,-122.4194155
"54321, Chicago, United States",41.8781136,-87.6297982
"12345, Houston, United States",29.7604267,-95.3698028
"67890, Los Angeles, United States",34.0522342,-118.2436849
"34567, New York, United States",40.7127753,-74.0059728
"23456, Miami, United States",25.7616798,-80.1917902
"77777, Mexico City, Mexico",19.4326077,-99.133208
"88888, Guadalajara, Mexico",20.6596988,-103.3496092
"99999, Monterrey, Mexico",25.6866142,-100.3161126
"98101, Seattle, United States",47.6062095,-122.3320708
"V1A 1A1, Vancouver, Canada",49.2827291,-123.1207375
"T2A 0R9, Toronto, Canada",43.6531963,-79.3831711
"H3B 2Y5, Montreal, Canada",45.5016889,-73.567256
"6789, Los Angeles, United States",29.8211227,-95.3274294
"890 Ocean Dr, 33101, Miami, United States",25.7789728,-80.13105
"234 Rue Saint-Laurent, H2X1Y5, Montreal, Canada",45.5294638,-73.6742119
"567 Avenida Revoluci√≥n, 22000, Tijuana, Mexico",32.5281382,-117.0361366
"890 Calle Insurgentes, 32000, Ciudad Juarez, Mexico",31.6426697,-106.3744483
"123 Atlantic Ave, 02110, Boston, United States",42.3619633,-71.0511669
"456 Broadway, 10007, New York, United States",40.7205215,-74.0005756
"789 Water St, B3J1S9, Halifax, Canada",44.6500351,-63.5735893
"123 Atlantic Ave, 2110, Boston, United States",42.3619633,-71.0511669
